#,Time,%Passes,Change,Test,Pass,Partial,Fail,Untested
0,Fri Apr 20 11:20:05 EDT 2018,0,0,Assignment5Suite, , ,AddEdgeTest0- AddEdgeTest1- AddEdgeTest2- AddEdgeTest3- AddEdgeTest4- AddNodeTest0- AddNodeTest1- AddNodeTest2- DelEdgeTest0- DelEdgeTest1- DelEdgeTest2- DelNodeTest0- DelNodeTest1- DelNodeTest2- EfficiencyTest1- NumEdgeTest0- NumEdgeTest1- NumNodeTest0- NumNodeTest1- ShortestPathTest0- ShortestPathTest1- ShortestPathTest2- ShortestPathTest3- ShortestPathTest4- ShortestPathTest5- , ,
1,Fri Apr 20 11:26:02 EDT 2018,0,0,Assignment5Suite, , ,AddEdgeTest0 AddEdgeTest1 AddEdgeTest2 AddEdgeTest3 AddEdgeTest4 AddNodeTest0 AddNodeTest1 AddNodeTest2 DelEdgeTest0 DelEdgeTest1 DelEdgeTest2 DelNodeTest0 DelNodeTest1 DelNodeTest2 EfficiencyTest1 NumEdgeTest0 NumEdgeTest1 NumNodeTest0 NumNodeTest1 ShortestPathTest0 ShortestPathTest1 ShortestPathTest2 ShortestPathTest3 ShortestPathTest4 ShortestPathTest5 , ,
2,Fri Apr 20 11:29:09 EDT 2018,0,0,Assignment5Suite, , ,AddEdgeTest0 AddEdgeTest1 AddEdgeTest2 AddEdgeTest3 AddEdgeTest4 AddNodeTest0 AddNodeTest1 AddNodeTest2 DelEdgeTest0 DelEdgeTest1 DelEdgeTest2 DelNodeTest0 DelNodeTest1 DelNodeTest2 EfficiencyTest1 NumEdgeTest0 NumEdgeTest1 NumNodeTest0 NumNodeTest1 ShortestPathTest0 ShortestPathTest1 ShortestPathTest2 ShortestPathTest3 ShortestPathTest4 ShortestPathTest5 , ,
3,Fri Apr 20 11:29:17 EDT 2018,0,0,Assignment5Suite, , ,AddEdgeTest0 AddEdgeTest1 AddEdgeTest2 AddEdgeTest3 AddEdgeTest4 AddNodeTest0 AddNodeTest1 AddNodeTest2 DelEdgeTest0 DelEdgeTest1 DelEdgeTest2 DelNodeTest0 DelNodeTest1 DelNodeTest2 EfficiencyTest1 NumEdgeTest0 NumEdgeTest1 NumNodeTest0 NumNodeTest1 ShortestPathTest0 ShortestPathTest1 ShortestPathTest2 ShortestPathTest3 ShortestPathTest4 ShortestPathTest5 , ,
4,Fri Apr 20 11:31:35 EDT 2018,0,0,Assignment5Suite, , ,AddEdgeTest0 AddEdgeTest1 AddEdgeTest2 AddEdgeTest3 AddEdgeTest4 AddNodeTest0 AddNodeTest1 AddNodeTest2 DelEdgeTest0 DelEdgeTest1 DelEdgeTest2 DelNodeTest0 DelNodeTest1 DelNodeTest2 EfficiencyTest1 NumEdgeTest0 NumEdgeTest1 NumNodeTest0 NumNodeTest1 ShortestPathTest0 ShortestPathTest1 ShortestPathTest2 ShortestPathTest3 ShortestPathTest4 ShortestPathTest5 , ,
5,Fri Apr 20 11:31:44 EDT 2018,0,0,Assignment5Suite, , ,AddEdgeTest0 AddEdgeTest1 AddEdgeTest2 AddEdgeTest3 AddEdgeTest4 AddNodeTest0 AddNodeTest1 AddNodeTest2 DelEdgeTest0 DelEdgeTest1 DelEdgeTest2 DelNodeTest0 DelNodeTest1 DelNodeTest2 EfficiencyTest1 NumEdgeTest0 NumEdgeTest1 NumNodeTest0 NumNodeTest1 ShortestPathTest0 ShortestPathTest1 ShortestPathTest2 ShortestPathTest3 ShortestPathTest4 ShortestPathTest5 , ,
6,Fri Apr 20 11:34:37 EDT 2018,0,0,Assignment5Suite, , ,AddEdgeTest0 AddEdgeTest1 AddEdgeTest2 AddEdgeTest3 AddEdgeTest4 AddNodeTest0 AddNodeTest1 AddNodeTest2 DelEdgeTest0 DelEdgeTest1 DelEdgeTest2 DelNodeTest0 DelNodeTest1 DelNodeTest2 EfficiencyTest1 NumEdgeTest0 NumEdgeTest1 NumNodeTest0 NumNodeTest1 ShortestPathTest0 ShortestPathTest1 ShortestPathTest2 ShortestPathTest3 ShortestPathTest4 ShortestPathTest5 , ,
7,Fri Apr 20 11:35:14 EDT 2018,0,0,Assignment5Suite, , ,AddEdgeTest0 AddEdgeTest1 AddEdgeTest2 AddEdgeTest3 AddEdgeTest4 AddNodeTest0 AddNodeTest1 AddNodeTest2 DelEdgeTest0 DelEdgeTest1 DelEdgeTest2 DelNodeTest0 DelNodeTest1 DelNodeTest2 EfficiencyTest1 NumEdgeTest0 NumEdgeTest1 NumNodeTest0 NumNodeTest1 ShortestPathTest0 ShortestPathTest1 ShortestPathTest2 ShortestPathTest3 ShortestPathTest4 ShortestPathTest5 , ,
8,Fri Apr 20 11:35:44 EDT 2018,0,0,Assignment5Suite, , ,AddEdgeTest0 AddEdgeTest1 AddEdgeTest2 AddEdgeTest3 AddEdgeTest4 AddNodeTest0 AddNodeTest1 AddNodeTest2 DelEdgeTest0 DelEdgeTest1 DelEdgeTest2 DelNodeTest0 DelNodeTest1 DelNodeTest2 EfficiencyTest1 NumEdgeTest0 NumEdgeTest1 NumNodeTest0 NumNodeTest1 ShortestPathTest0 ShortestPathTest1 ShortestPathTest2 ShortestPathTest3 ShortestPathTest4 ShortestPathTest5 , ,
9,Fri Apr 20 11:37:26 EDT 2018,0,0,Assignment5Suite, , ,AddEdgeTest0 AddEdgeTest1 AddEdgeTest2 AddEdgeTest3 AddEdgeTest4 AddNodeTest0 AddNodeTest1 AddNodeTest2 DelEdgeTest0 DelEdgeTest1 DelEdgeTest2 DelNodeTest0 DelNodeTest1 DelNodeTest2 EfficiencyTest1 NumEdgeTest0 NumEdgeTest1 NumNodeTest0 NumNodeTest1 ShortestPathTest0 ShortestPathTest1 ShortestPathTest2 ShortestPathTest3 ShortestPathTest4 ShortestPathTest5 , ,
10,Fri Apr 20 11:42:25 EDT 2018,0,0,Assignment5Suite, , ,AddEdgeTest0 AddEdgeTest1 AddEdgeTest2 AddEdgeTest3 AddEdgeTest4 AddNodeTest0 AddNodeTest1 AddNodeTest2 DelEdgeTest0 DelEdgeTest1 DelEdgeTest2 DelNodeTest0 DelNodeTest1 DelNodeTest2 EfficiencyTest1 NumEdgeTest0 NumEdgeTest1 NumNodeTest0 NumNodeTest1 ShortestPathTest0 ShortestPathTest1 ShortestPathTest2 ShortestPathTest3 ShortestPathTest4 ShortestPathTest5 , ,
11,Fri Apr 20 12:35:23 EDT 2018,72,72,Assignment5Suite,AddEdgeTest0+ AddEdgeTest1+ AddEdgeTest2+ AddEdgeTest3+ AddEdgeTest4+ AddNodeTest0+ AddNodeTest1+ AddNodeTest2+ DelEdgeTest0+ DelEdgeTest1+ DelEdgeTest2+ DelNodeTest0+ DelNodeTest1+ DelNodeTest2+ NumEdgeTest0+ NumEdgeTest1+ NumNodeTest0+ NumNodeTest1+ , ,EfficiencyTest1 ShortestPathTest0 ShortestPathTest1 ShortestPathTest2 ShortestPathTest3 ShortestPathTest4 ShortestPathTest5 , ,
12,Fri Apr 20 12:43:58 EDT 2018,72,0,Assignment5Suite,AddEdgeTest0 AddEdgeTest1 AddEdgeTest2 AddEdgeTest3 AddEdgeTest4 AddNodeTest0 AddNodeTest1 AddNodeTest2 DelEdgeTest0 DelEdgeTest1 DelEdgeTest2 DelNodeTest0 DelNodeTest1 DelNodeTest2 NumEdgeTest0 NumEdgeTest1 NumNodeTest0 NumNodeTest1 , ,EfficiencyTest1 ShortestPathTest0 ShortestPathTest1 ShortestPathTest2 ShortestPathTest3 ShortestPathTest4 ShortestPathTest5 , ,
13,Fri Apr 20 12:49:35 EDT 2018,72,0,Assignment5Suite,AddEdgeTest0 AddEdgeTest1 AddEdgeTest2 AddEdgeTest3 AddEdgeTest4 AddNodeTest0 AddNodeTest1 AddNodeTest2 DelEdgeTest0 DelEdgeTest1 DelEdgeTest2 DelNodeTest0 DelNodeTest1 DelNodeTest2 NumEdgeTest0 NumEdgeTest1 NumNodeTest0 NumNodeTest1 , ,EfficiencyTest1 ShortestPathTest0 ShortestPathTest1 ShortestPathTest2 ShortestPathTest3 ShortestPathTest4 ShortestPathTest5 , ,
14,Fri Apr 20 12:55:01 EDT 2018,72,0,Assignment5Suite,AddEdgeTest0 AddEdgeTest1 AddEdgeTest2 AddEdgeTest3 AddEdgeTest4 AddNodeTest0 AddNodeTest1 AddNodeTest2 DelEdgeTest0 DelEdgeTest1 DelEdgeTest2 DelNodeTest0 DelNodeTest1 DelNodeTest2 NumEdgeTest0 NumEdgeTest1 NumNodeTest0 NumNodeTest1 , ,EfficiencyTest1 ShortestPathTest0 ShortestPathTest1 ShortestPathTest2 ShortestPathTest3 ShortestPathTest4 ShortestPathTest5 , ,
15,Fri Apr 20 15:55:22 EDT 2018,72,0,Assignment5Suite,AddEdgeTest0 AddEdgeTest1 AddEdgeTest2 AddEdgeTest3 AddEdgeTest4 AddNodeTest0 AddNodeTest1 AddNodeTest2 DelEdgeTest0 DelEdgeTest1 DelEdgeTest2 DelNodeTest0 DelNodeTest1 DelNodeTest2 NumEdgeTest0 NumEdgeTest1 NumNodeTest0 NumNodeTest1 , ,EfficiencyTest1 ShortestPathTest0 ShortestPathTest1 ShortestPathTest2 ShortestPathTest3 ShortestPathTest4 ShortestPathTest5 , ,
15,Fri Apr 20 15:56:32 EDT 2018,72,0,Assignment5Suite,AddEdgeTest0 AddEdgeTest1 AddEdgeTest2 AddEdgeTest3 AddEdgeTest4 AddNodeTest0 AddNodeTest1 AddNodeTest2 DelEdgeTest0 DelEdgeTest1 DelEdgeTest2 DelNodeTest0 DelNodeTest1 DelNodeTest2 NumEdgeTest0 NumEdgeTest1 NumNodeTest0 NumNodeTest1 , ,EfficiencyTest1 ShortestPathTest0 ShortestPathTest1 ShortestPathTest2 ShortestPathTest3 ShortestPathTest4 ShortestPathTest5 , ,
16,Fri Apr 20 17:00:12 EDT 2018,0,-72,Assignment5Suite, , ,AddEdgeTest0- AddEdgeTest1- AddEdgeTest2- AddEdgeTest3- AddEdgeTest4- AddNodeTest0- AddNodeTest1- AddNodeTest2- DelEdgeTest0- DelEdgeTest1- DelEdgeTest2- DelNodeTest0- DelNodeTest1- DelNodeTest2- EfficiencyTest1 NumEdgeTest0- NumEdgeTest1- NumNodeTest0- NumNodeTest1- ShortestPathTest0 ShortestPathTest1 ShortestPathTest2 ShortestPathTest3 ShortestPathTest4 ShortestPathTest5 , ,
17,Fri Apr 20 17:02:06 EDT 2018,100,100,Assignment5Suite,AddEdgeTest0+ AddEdgeTest1+ AddEdgeTest2+ AddEdgeTest3+ AddEdgeTest4+ AddNodeTest0+ AddNodeTest1+ AddNodeTest2+ DelEdgeTest0+ DelEdgeTest1+ DelEdgeTest2+ DelNodeTest0+ DelNodeTest1+ DelNodeTest2+ EfficiencyTest1+ NumEdgeTest0+ NumEdgeTest1+ NumNodeTest0+ NumNodeTest1+ ShortestPathTest0+ ShortestPathTest1+ ShortestPathTest2+ ShortestPathTest3+ ShortestPathTest4+ ShortestPathTest5+ , , , ,
18,Fri Apr 20 17:21:08 EDT 2018,100,0,Assignment5Suite,AddEdgeTest0 AddEdgeTest1 AddEdgeTest2 AddEdgeTest3 AddEdgeTest4 AddNodeTest0 AddNodeTest1 AddNodeTest2 DelEdgeTest0 DelEdgeTest1 DelEdgeTest2 DelNodeTest0 DelNodeTest1 DelNodeTest2 EfficiencyTest1 NumEdgeTest0 NumEdgeTest1 NumNodeTest0 NumNodeTest1 ShortestPathTest0 ShortestPathTest1 ShortestPathTest2 ShortestPathTest3 ShortestPathTest4 ShortestPathTest5 , , , ,
19,Fri Apr 20 17:28:25 EDT 2018,100,0,Assignment5Suite,AddEdgeTest0 AddEdgeTest1 AddEdgeTest2 AddEdgeTest3 AddEdgeTest4 AddNodeTest0 AddNodeTest1 AddNodeTest2 DelEdgeTest0 DelEdgeTest1 DelEdgeTest2 DelNodeTest0 DelNodeTest1 DelNodeTest2 EfficiencyTest1 NumEdgeTest0 NumEdgeTest1 NumNodeTest0 NumNodeTest1 ShortestPathTest0 ShortestPathTest1 ShortestPathTest2 ShortestPathTest3 ShortestPathTest4 ShortestPathTest5 , , , ,
20,Fri Apr 20 17:44:43 EDT 2018,72,-28,Assignment5Suite,AddEdgeTest0 AddEdgeTest1 AddEdgeTest2 AddEdgeTest3 AddEdgeTest4 AddNodeTest0 AddNodeTest1 AddNodeTest2 DelEdgeTest0 DelEdgeTest1 DelEdgeTest2 DelNodeTest0 DelNodeTest1 DelNodeTest2 NumEdgeTest0 NumEdgeTest1 NumNodeTest0 NumNodeTest1 , ,EfficiencyTest1- ShortestPathTest0- ShortestPathTest1- ShortestPathTest2- ShortestPathTest3- ShortestPathTest4- ShortestPathTest5- , ,
21,Fri Apr 20 17:57:10 EDT 2018,100,28,Assignment5Suite,AddEdgeTest0 AddEdgeTest1 AddEdgeTest2 AddEdgeTest3 AddEdgeTest4 AddNodeTest0 AddNodeTest1 AddNodeTest2 DelEdgeTest0 DelEdgeTest1 DelEdgeTest2 DelNodeTest0 DelNodeTest1 DelNodeTest2 EfficiencyTest1+ NumEdgeTest0 NumEdgeTest1 NumNodeTest0 NumNodeTest1 ShortestPathTest0+ ShortestPathTest1+ ShortestPathTest2+ ShortestPathTest3+ ShortestPathTest4+ ShortestPathTest5+ , , , ,
22,Fri Apr 20 22:00:34 EDT 2018,72,-28,Assignment5Suite,AddEdgeTest0 AddEdgeTest1 AddEdgeTest2 AddEdgeTest3 AddEdgeTest4 AddNodeTest0 AddNodeTest1 AddNodeTest2 DelEdgeTest0 DelEdgeTest1 DelEdgeTest2 DelNodeTest0 DelNodeTest1 DelNodeTest2 NumEdgeTest0 NumEdgeTest1 NumNodeTest0 NumNodeTest1 , ,EfficiencyTest1- ShortestPathTest0- ShortestPathTest1- ShortestPathTest2- ShortestPathTest3- ShortestPathTest4- ShortestPathTest5- , ,
23,Fri Apr 20 22:02:16 EDT 2018,100,28,Assignment5Suite,AddEdgeTest0 AddEdgeTest1 AddEdgeTest2 AddEdgeTest3 AddEdgeTest4 AddNodeTest0 AddNodeTest1 AddNodeTest2 DelEdgeTest0 DelEdgeTest1 DelEdgeTest2 DelNodeTest0 DelNodeTest1 DelNodeTest2 EfficiencyTest1+ NumEdgeTest0 NumEdgeTest1 NumNodeTest0 NumNodeTest1 ShortestPathTest0+ ShortestPathTest1+ ShortestPathTest2+ ShortestPathTest3+ ShortestPathTest4+ ShortestPathTest5+ , , , ,
24,Fri Apr 20 22:07:19 EDT 2018,100,0,Assignment5Suite,AddEdgeTest0 AddEdgeTest1 AddEdgeTest2 AddEdgeTest3 AddEdgeTest4 AddNodeTest0 AddNodeTest1 AddNodeTest2 DelEdgeTest0 DelEdgeTest1 DelEdgeTest2 DelNodeTest0 DelNodeTest1 DelNodeTest2 EfficiencyTest1 NumEdgeTest0 NumEdgeTest1 NumNodeTest0 NumNodeTest1 ShortestPathTest0 ShortestPathTest1 ShortestPathTest2 ShortestPathTest3 ShortestPathTest4 ShortestPathTest5 , , , ,
25,Fri Apr 20 22:17:51 EDT 2018,100,0,Assignment5Suite,AddEdgeTest0 AddEdgeTest1 AddEdgeTest2 AddEdgeTest3 AddEdgeTest4 AddNodeTest0 AddNodeTest1 AddNodeTest2 DelEdgeTest0 DelEdgeTest1 DelEdgeTest2 DelNodeTest0 DelNodeTest1 DelNodeTest2 EfficiencyTest1 NumEdgeTest0 NumEdgeTest1 NumNodeTest0 NumNodeTest1 ShortestPathTest0 ShortestPathTest1 ShortestPathTest2 ShortestPathTest3 ShortestPathTest4 ShortestPathTest5 , , , ,
26,Fri Apr 20 22:21:27 EDT 2018,100,0,Assignment5Suite,AddEdgeTest0 AddEdgeTest1 AddEdgeTest2 AddEdgeTest3 AddEdgeTest4 AddNodeTest0 AddNodeTest1 AddNodeTest2 DelEdgeTest0 DelEdgeTest1 DelEdgeTest2 DelNodeTest0 DelNodeTest1 DelNodeTest2 EfficiencyTest1 NumEdgeTest0 NumEdgeTest1 NumNodeTest0 NumNodeTest1 ShortestPathTest0 ShortestPathTest1 ShortestPathTest2 ShortestPathTest3 ShortestPathTest4 ShortestPathTest5 , , , ,
27,Fri Apr 20 22:27:11 EDT 2018,100,0,Assignment5Suite,AddEdgeTest0 AddEdgeTest1 AddEdgeTest2 AddEdgeTest3 AddEdgeTest4 AddNodeTest0 AddNodeTest1 AddNodeTest2 DelEdgeTest0 DelEdgeTest1 DelEdgeTest2 DelNodeTest0 DelNodeTest1 DelNodeTest2 EfficiencyTest1 NumEdgeTest0 NumEdgeTest1 NumNodeTest0 NumNodeTest1 ShortestPathTest0 ShortestPathTest1 ShortestPathTest2 ShortestPathTest3 ShortestPathTest4 ShortestPathTest5 , , , ,
28,Fri Apr 20 22:29:22 EDT 2018,100,0,Assignment5Suite,AddEdgeTest0 AddEdgeTest1 AddEdgeTest2 AddEdgeTest3 AddEdgeTest4 AddNodeTest0 AddNodeTest1 AddNodeTest2 DelEdgeTest0 DelEdgeTest1 DelEdgeTest2 DelNodeTest0 DelNodeTest1 DelNodeTest2 EfficiencyTest1 NumEdgeTest0 NumEdgeTest1 NumNodeTest0 NumNodeTest1 ShortestPathTest0 ShortestPathTest1 ShortestPathTest2 ShortestPathTest3 ShortestPathTest4 ShortestPathTest5 , , , ,
