#,Time,%Passes,Change,Test,Pass,Partial,Fail,Untested
0,Mon Feb 05 12:07:30 EST 2018,64,64,Assignment1Suite,ClearTest0+ InsertTest0+ InsertTest1+ InsertTest2+ InsertTest3+ RemoveTest0+ RemoveTest1+ RemoveTest2+ RemoveTest3+ SizeTest0+ SizeTest3+ , ,ClearTest1- EverythingTest0- GetTest0- GetTest1- SizeTest1- SizeTest2- , ,
1,Mon Feb 05 12:15:04 EST 2018,70,6,Assignment1Suite,ClearTest0 GetTest1+ InsertTest0 InsertTest1 InsertTest2 InsertTest3 RemoveTest0 RemoveTest1 RemoveTest2 RemoveTest3 SizeTest0 SizeTest3 , ,ClearTest1 EverythingTest0 GetTest0 SizeTest1 SizeTest2 , ,
2,Mon Feb 05 12:17:31 EST 2018,70,0,Assignment1Suite,ClearTest0 GetTest1 InsertTest0 InsertTest1 InsertTest2 InsertTest3 RemoveTest0 RemoveTest1 RemoveTest2 RemoveTest3 SizeTest0 SizeTest3 , ,ClearTest1 EverythingTest0 GetTest0 SizeTest1 SizeTest2 , ,
3,Mon Feb 05 12:18:33 EST 2018,70,0,Assignment1Suite,ClearTest0 GetTest1 InsertTest0 InsertTest1 InsertTest2 InsertTest3 RemoveTest0 RemoveTest1 RemoveTest2 RemoveTest3 SizeTest0 SizeTest3 , ,ClearTest1 EverythingTest0 GetTest0 SizeTest1 SizeTest2 , ,
4,Mon Feb 05 12:28:51 EST 2018,70,0,Assignment1Suite,ClearTest0 ClearTest1+ GetTest0+ GetTest1 InsertTest0 InsertTest1 InsertTest2 InsertTest3 RemoveTest3 SizeTest0 SizeTest1+ SizeTest3 , ,EverythingTest0 RemoveTest0- RemoveTest1- RemoveTest2- SizeTest2 , ,
5,Mon Feb 05 12:34:45 EST 2018,100,30,Assignment1Suite,ClearTest0 ClearTest1 EverythingTest0+ GetTest0 GetTest1 InsertTest0 InsertTest1 InsertTest2 InsertTest3 RemoveTest0+ RemoveTest1+ RemoveTest2+ RemoveTest3 SizeTest0 SizeTest1 SizeTest2+ SizeTest3 , , , ,
6,Mon Feb 05 13:51:55 EST 2018,100,0,Assignment1Suite,ClearTest0 ClearTest1 EverythingTest0 GetTest0 GetTest1 InsertTest0 InsertTest1 InsertTest2 InsertTest3 RemoveTest0 RemoveTest1 RemoveTest2 RemoveTest3 SizeTest0 SizeTest1 SizeTest2 SizeTest3 , , , ,
7,Mon Feb 05 13:56:16 EST 2018,100,0,Assignment1Suite,ClearTest0 ClearTest1 EverythingTest0 GetTest0 GetTest1 InsertTest0 InsertTest1 InsertTest2 InsertTest3 RemoveTest0 RemoveTest1 RemoveTest2 RemoveTest3 SizeTest0 SizeTest1 SizeTest2 SizeTest3 , , , ,
8,Mon Feb 05 13:56:22 EST 2018,100,0,Assignment1Suite,ClearTest0 ClearTest1 EverythingTest0 GetTest0 GetTest1 InsertTest0 InsertTest1 InsertTest2 InsertTest3 RemoveTest0 RemoveTest1 RemoveTest2 RemoveTest3 SizeTest0 SizeTest1 SizeTest2 SizeTest3 , , , ,
9,Mon Feb 05 21:27:44 EST 2018,82,-18,Assignment1Suite,ClearTest0 ClearTest1 GetTest0 GetTest1 InsertTest0 InsertTest1 InsertTest2 InsertTest3 RemoveTest2 RemoveTest3 SizeTest0 SizeTest1 SizeTest2 SizeTest3 , ,EverythingTest0- RemoveTest0- RemoveTest1- , ,
10,Mon Feb 05 21:28:54 EST 2018,100,18,Assignment1Suite,ClearTest0 ClearTest1 EverythingTest0+ GetTest0 GetTest1 InsertTest0 InsertTest1 InsertTest2 InsertTest3 RemoveTest0+ RemoveTest1+ RemoveTest2 RemoveTest3 SizeTest0 SizeTest1 SizeTest2 SizeTest3 , , , ,
