#,Time,%Passes,Change,Test,Pass,Partial,Fail,Untested
0,Wed Mar 07 19:30:03 EST 2018,0,0,Assignment3Suite, , ,BuildTest1- BuildTest2- BuildTest3- DelMinTest1- DelMinTest2- DelMinTest3- DelMinTest4- EfficiencyTest1- EverythingTest- GetMinTest1- GetMinTest2- GetMinTest3- InsertTest1- InsertTest2- InsertTest3- SizeTest1- SizeTest2- SizeTest3- SizeTest4- , ,
1,Wed Mar 07 20:52:36 EST 2018,36,36,Assignment3Suite,BuildTest2+ BuildTest3+ EfficiencyTest1+ GetMinTest3+ InsertTest1+ InsertTest2+ InsertTest3+ , ,BuildTest1 DelMinTest1 DelMinTest2 DelMinTest3 DelMinTest4 EverythingTest GetMinTest1 GetMinTest2 SizeTest1 SizeTest2 SizeTest3 SizeTest4 , ,
2,Wed Mar 07 20:52:41 EST 2018,36,0,Assignment3Suite,BuildTest2 BuildTest3 EfficiencyTest1 GetMinTest3 InsertTest1 InsertTest2 InsertTest3 , ,BuildTest1 DelMinTest1 DelMinTest2 DelMinTest3 DelMinTest4 EverythingTest GetMinTest1 GetMinTest2 SizeTest1 SizeTest2 SizeTest3 SizeTest4 , ,
3,Wed Mar 07 21:04:15 EST 2018,36,0,Assignment3Suite,BuildTest2 BuildTest3 EfficiencyTest1 GetMinTest3 InsertTest1 InsertTest2 InsertTest3 , ,BuildTest1 DelMinTest1 DelMinTest2 DelMinTest3 DelMinTest4 EverythingTest GetMinTest1 GetMinTest2 SizeTest1 SizeTest2 SizeTest3 SizeTest4 , ,
4,Wed Mar 07 21:09:11 EST 2018,84,48,Assignment3Suite,BuildTest1+ BuildTest2 BuildTest3 DelMinTest1+ DelMinTest3+ DelMinTest4+ GetMinTest1+ GetMinTest2+ GetMinTest3 InsertTest1 InsertTest2 InsertTest3 SizeTest1+ SizeTest2+ SizeTest3+ SizeTest4+ , ,DelMinTest2 EfficiencyTest1- EverythingTest , ,
5,Wed Mar 07 21:32:05 EST 2018,78,-6,Assignment3Suite,BuildTest1 BuildTest2 BuildTest3 DelMinTest1 DelMinTest3 GetMinTest1 GetMinTest2 GetMinTest3 InsertTest1 InsertTest2 InsertTest3 SizeTest1 SizeTest2 SizeTest3 SizeTest4 , ,DelMinTest2 DelMinTest4- EfficiencyTest1 EverythingTest , ,
6,Wed Mar 07 21:35:34 EST 2018,89,11,Assignment3Suite,BuildTest1 BuildTest2 BuildTest3 DelMinTest1 DelMinTest2+ DelMinTest3 DelMinTest4+ GetMinTest1 GetMinTest2 GetMinTest3 InsertTest1 InsertTest2 InsertTest3 SizeTest1 SizeTest2 SizeTest3 SizeTest4 , ,EfficiencyTest1 EverythingTest , ,
7,Wed Mar 07 22:08:07 EST 2018,36,-53,Assignment3Suite,BuildTest1 BuildTest2 BuildTest3 EfficiencyTest1+ InsertTest1 InsertTest2 InsertTest3 , ,DelMinTest1- DelMinTest2- DelMinTest3- DelMinTest4- EverythingTest GetMinTest1- GetMinTest2- GetMinTest3- SizeTest1- SizeTest2- SizeTest3- SizeTest4- , ,
8,Wed Mar 07 22:10:24 EST 2018,21,-15,Assignment3Suite,BuildTest2 BuildTest3 EfficiencyTest1 GetMinTest3+ , ,BuildTest1- DelMinTest1 DelMinTest2 DelMinTest3 DelMinTest4 EverythingTest GetMinTest1 GetMinTest2 InsertTest1- InsertTest2- InsertTest3- SizeTest1 SizeTest2 SizeTest3 SizeTest4 , ,
9,Wed Mar 07 22:55:17 EST 2018,94,73,Assignment3Suite,BuildTest1+ BuildTest2 BuildTest3 DelMinTest1+ DelMinTest2+ DelMinTest3+ DelMinTest4+ EfficiencyTest1 GetMinTest1+ GetMinTest2+ GetMinTest3 InsertTest1+ InsertTest2+ InsertTest3+ SizeTest1+ SizeTest2+ SizeTest3+ SizeTest4+ , ,EverythingTest , ,
10,Wed Mar 07 22:55:51 EST 2018,94,0,Assignment3Suite,BuildTest1 BuildTest2 BuildTest3 DelMinTest1 DelMinTest2 DelMinTest3 DelMinTest4 EfficiencyTest1 GetMinTest1 GetMinTest2 GetMinTest3 InsertTest1 InsertTest2 InsertTest3 SizeTest1 SizeTest2 SizeTest3 SizeTest4 , ,EverythingTest , ,
11,Wed Mar 07 22:56:52 EST 2018,94,0,Assignment3Suite,BuildTest1 BuildTest2 BuildTest3 DelMinTest1 DelMinTest2 DelMinTest3 DelMinTest4 EfficiencyTest1 GetMinTest1 GetMinTest2 GetMinTest3 InsertTest1 InsertTest2 InsertTest3 SizeTest1 SizeTest2 SizeTest3 SizeTest4 , ,EverythingTest , ,
12,Wed Mar 07 23:04:34 EST 2018,94,0,Assignment3Suite,BuildTest1 BuildTest2 BuildTest3 DelMinTest1 DelMinTest2 DelMinTest3 DelMinTest4 EfficiencyTest1 GetMinTest1 GetMinTest2 GetMinTest3 InsertTest1 InsertTest2 InsertTest3 SizeTest1 SizeTest2 SizeTest3 SizeTest4 , ,EverythingTest , ,
13,Wed Mar 07 23:08:53 EST 2018,94,0,Assignment3Suite,BuildTest1 BuildTest2 BuildTest3 DelMinTest1 DelMinTest2 DelMinTest3 DelMinTest4 EfficiencyTest1 GetMinTest1 GetMinTest2 GetMinTest3 InsertTest1 InsertTest2 InsertTest3 SizeTest1 SizeTest2 SizeTest3 SizeTest4 , ,EverythingTest , ,
14,Wed Mar 07 23:09:34 EST 2018,89,-5,Assignment3Suite,BuildTest1 BuildTest2 BuildTest3 DelMinTest1 DelMinTest2 DelMinTest3 DelMinTest4 GetMinTest1 GetMinTest2 GetMinTest3 InsertTest1 InsertTest2 InsertTest3 SizeTest1 SizeTest2 SizeTest3 SizeTest4 , ,EfficiencyTest1- EverythingTest , ,
15,Wed Mar 07 23:12:54 EST 2018,89,0,Assignment3Suite,BuildTest1 BuildTest2 BuildTest3 DelMinTest1 DelMinTest3 DelMinTest4 EfficiencyTest1+ GetMinTest1 GetMinTest2 GetMinTest3 InsertTest1 InsertTest2 InsertTest3 SizeTest1 SizeTest2 SizeTest3 SizeTest4 , ,DelMinTest2- EverythingTest , ,
16,Wed Mar 07 23:15:15 EST 2018,100,11,Assignment3Suite,BuildTest1 BuildTest2 BuildTest3 DelMinTest1 DelMinTest2+ DelMinTest3 DelMinTest4 EfficiencyTest1 EverythingTest+ GetMinTest1 GetMinTest2 GetMinTest3 InsertTest1 InsertTest2 InsertTest3 SizeTest1 SizeTest2 SizeTest3 SizeTest4 , , , ,
17,Wed Mar 07 23:15:34 EST 2018,94,-6,Assignment3Suite,BuildTest1 BuildTest2 BuildTest3 DelMinTest1 DelMinTest2 DelMinTest3 DelMinTest4 EfficiencyTest1 GetMinTest1 GetMinTest2 GetMinTest3 InsertTest1 InsertTest2 InsertTest3 SizeTest1 SizeTest2 SizeTest3 SizeTest4 , ,EverythingTest- , ,
18,Wed Mar 07 23:19:08 EST 2018,63,-31,Assignment3Suite,DelMinTest1 DelMinTest2 DelMinTest3 DelMinTest4 GetMinTest2 InsertTest1 InsertTest2 InsertTest3 SizeTest1 SizeTest2 SizeTest3 SizeTest4 , ,BuildTest1- BuildTest2- BuildTest3- EfficiencyTest1- EverythingTest GetMinTest1- GetMinTest3- , ,
19,Wed Mar 07 23:19:20 EST 2018,94,31,Assignment3Suite,BuildTest1+ BuildTest2+ BuildTest3+ DelMinTest1 DelMinTest2 DelMinTest3 DelMinTest4 EfficiencyTest1+ GetMinTest1+ GetMinTest2 GetMinTest3+ InsertTest1 InsertTest2 InsertTest3 SizeTest1 SizeTest2 SizeTest3 SizeTest4 , ,EverythingTest , ,
20,Wed Mar 07 23:22:22 EST 2018,94,0,Assignment3Suite,BuildTest1 BuildTest2 BuildTest3 DelMinTest1 DelMinTest2 DelMinTest3 DelMinTest4 EfficiencyTest1 GetMinTest1 GetMinTest2 GetMinTest3 InsertTest1 InsertTest2 InsertTest3 SizeTest1 SizeTest2 SizeTest3 SizeTest4 , ,EverythingTest , ,
21,Wed Mar 07 23:22:57 EST 2018,94,0,Assignment3Suite,BuildTest1 BuildTest2 BuildTest3 DelMinTest1 DelMinTest2 DelMinTest3 DelMinTest4 EfficiencyTest1 GetMinTest1 GetMinTest2 GetMinTest3 InsertTest1 InsertTest2 InsertTest3 SizeTest1 SizeTest2 SizeTest3 SizeTest4 , ,EverythingTest , ,
22,Wed Mar 07 23:23:50 EST 2018,73,-21,Assignment3Suite,BuildTest1 BuildTest2 BuildTest3 DelMinTest3 EfficiencyTest1 GetMinTest1 GetMinTest2 InsertTest1 InsertTest2 InsertTest3 SizeTest1 SizeTest2 SizeTest3 SizeTest4 , ,DelMinTest1- DelMinTest2- DelMinTest4- EverythingTest GetMinTest3- , ,
23,Wed Mar 07 23:24:30 EST 2018,94,21,Assignment3Suite,BuildTest1 BuildTest2 BuildTest3 DelMinTest1+ DelMinTest2+ DelMinTest3 DelMinTest4+ EfficiencyTest1 GetMinTest1 GetMinTest2 GetMinTest3+ InsertTest1 InsertTest2 InsertTest3 SizeTest1 SizeTest2 SizeTest3 SizeTest4 , ,EverythingTest , ,
24,Wed Mar 07 23:25:03 EST 2018,84,-10,Assignment3Suite,BuildTest1 BuildTest2 BuildTest3 DelMinTest1 DelMinTest3 DelMinTest4 GetMinTest1 GetMinTest2 GetMinTest3 InsertTest1 InsertTest2 InsertTest3 SizeTest1 SizeTest2 SizeTest3 SizeTest4 , ,DelMinTest2- EfficiencyTest1- EverythingTest , ,
25,Wed Mar 07 23:25:23 EST 2018,94,10,Assignment3Suite,BuildTest1 BuildTest2 BuildTest3 DelMinTest1 DelMinTest2+ DelMinTest3 DelMinTest4 EfficiencyTest1+ GetMinTest1 GetMinTest2 GetMinTest3 InsertTest1 InsertTest2 InsertTest3 SizeTest1 SizeTest2 SizeTest3 SizeTest4 , ,EverythingTest , ,
26,Wed Mar 07 23:26:16 EST 2018,94,0,Assignment3Suite,BuildTest1 BuildTest2 BuildTest3 DelMinTest1 DelMinTest2 DelMinTest3 DelMinTest4 EfficiencyTest1 GetMinTest1 GetMinTest2 GetMinTest3 InsertTest1 InsertTest2 InsertTest3 SizeTest1 SizeTest2 SizeTest3 SizeTest4 , ,EverythingTest , ,
27,Wed Mar 07 23:27:52 EST 2018,94,0,Assignment3Suite,BuildTest1 BuildTest2 BuildTest3 DelMinTest1 DelMinTest2 DelMinTest3 DelMinTest4 EfficiencyTest1 GetMinTest1 GetMinTest2 GetMinTest3 InsertTest1 InsertTest2 InsertTest3 SizeTest1 SizeTest2 SizeTest3 SizeTest4 , ,EverythingTest , ,
28,Wed Mar 07 23:29:24 EST 2018,68,-26,Assignment3Suite,BuildTest1 BuildTest2 BuildTest3 DelMinTest3 EfficiencyTest1 GetMinTest1 GetMinTest2 InsertTest1 InsertTest2 InsertTest3 SizeTest1 SizeTest3 SizeTest4 , ,DelMinTest1- DelMinTest2- DelMinTest4- EverythingTest GetMinTest3- SizeTest2- , ,
29,Wed Mar 07 23:29:45 EST 2018,57,-11,Assignment3Suite,BuildTest1 BuildTest2 BuildTest3 DelMinTest3 EfficiencyTest1 GetMinTest1 GetMinTest2 InsertTest1 InsertTest2 InsertTest3 SizeTest1 , ,DelMinTest1 DelMinTest2 DelMinTest4 EverythingTest GetMinTest3 SizeTest2 SizeTest3- SizeTest4- , ,
30,Wed Mar 07 23:29:54 EST 2018,68,11,Assignment3Suite,BuildTest1 BuildTest2 BuildTest3 DelMinTest3 GetMinTest1 GetMinTest2 InsertTest1 InsertTest2 InsertTest3 SizeTest1 SizeTest2+ SizeTest3+ SizeTest4+ , ,DelMinTest1 DelMinTest2 DelMinTest4 EfficiencyTest1- EverythingTest GetMinTest3 , ,
31,Wed Mar 07 23:30:09 EST 2018,73,5,Assignment3Suite,BuildTest1 BuildTest2 BuildTest3 DelMinTest3 EfficiencyTest1+ GetMinTest1 GetMinTest2 InsertTest1 InsertTest2 InsertTest3 SizeTest1 SizeTest2 SizeTest3 SizeTest4 , ,DelMinTest1 DelMinTest2 DelMinTest4 EverythingTest GetMinTest3 , ,
32,Wed Mar 07 23:30:27 EST 2018,68,-5,Assignment3Suite,BuildTest1 BuildTest2 BuildTest3 DelMinTest1+ DelMinTest3 EfficiencyTest1 GetMinTest1 GetMinTest2 GetMinTest3+ InsertTest1 InsertTest2 InsertTest3 SizeTest1 , ,DelMinTest2 DelMinTest4 EverythingTest SizeTest2- SizeTest3- SizeTest4- , ,
33,Wed Mar 07 23:30:38 EST 2018,94,26,Assignment3Suite,BuildTest1 BuildTest2 BuildTest3 DelMinTest1 DelMinTest2+ DelMinTest3 DelMinTest4+ EfficiencyTest1 GetMinTest1 GetMinTest2 GetMinTest3 InsertTest1 InsertTest2 InsertTest3 SizeTest1 SizeTest2+ SizeTest3+ SizeTest4+ , ,EverythingTest , ,
34,Wed Mar 07 23:31:02 EST 2018,84,-10,Assignment3Suite,BuildTest1 BuildTest2 BuildTest3 DelMinTest1 DelMinTest3 DelMinTest4 EfficiencyTest1 GetMinTest1 GetMinTest2 GetMinTest3 InsertTest1 InsertTest2 InsertTest3 SizeTest1 SizeTest2 SizeTest4 , ,DelMinTest2- EverythingTest SizeTest3- , ,
35,Wed Mar 07 23:35:00 EST 2018,94,10,Assignment3Suite,BuildTest1 BuildTest2 BuildTest3 DelMinTest1 DelMinTest2+ DelMinTest3 DelMinTest4 EfficiencyTest1 GetMinTest1 GetMinTest2 GetMinTest3 InsertTest1 InsertTest2 InsertTest3 SizeTest1 SizeTest2 SizeTest3+ SizeTest4 , ,EverythingTest , ,
36,Wed Mar 07 23:37:47 EST 2018,89,-5,Assignment3Suite,BuildTest1 BuildTest2 BuildTest3 DelMinTest1 DelMinTest2 DelMinTest3 DelMinTest4 GetMinTest1 GetMinTest2 GetMinTest3 InsertTest1 InsertTest2 InsertTest3 SizeTest1 SizeTest2 SizeTest3 SizeTest4 , ,EfficiencyTest1- EverythingTest , ,
37,Wed Mar 07 23:38:10 EST 2018,94,5,Assignment3Suite,BuildTest1 BuildTest2 BuildTest3 DelMinTest1 DelMinTest2 DelMinTest3 DelMinTest4 EfficiencyTest1+ GetMinTest1 GetMinTest2 GetMinTest3 InsertTest1 InsertTest2 InsertTest3 SizeTest1 SizeTest2 SizeTest3 SizeTest4 , ,EverythingTest , ,
